Subject,Method,Info,TP,TN,FP,FN,Precision,Recall,TPR,FPR,Pos,Neg,IR
Apache,grep,Sum,558,8451,260,785,0.682151589,0.415487714,0.415487714,0.029847319,1343,8711,0.133578675
Apache,grep,Sum+Des,937,7897,814,406,0.535122787,0.697691735,0.697691735,0.093445069,1343,8711,0.133578675
